Eyny.com,http://eyny.com
4shared.com,http://4shared.com
Google.com.br,http://google.com.br
Udn.com,http://udn.com
Mama.cn,http://mama.cn
Archive.org,http://archive.org
Weebly.com,http://weebly.com
Hurriyet.com.tr,http://hurriyet.com.tr
Google.co.kr,http://google.co.kr
Reimageplus.com,http://reimageplus.com
Rutracker.org,http://rutracker.org
Ck101.com,http://ck101.com
Google.com.eg,http://google.com.eg
Mozilla.org,http://mozilla.org
Hulu.com,http://hulu.com
Xnxx.com,http://xnxx.com
Alibaba.com,http://alibaba.com
Instagram.com,http://instagram.com
Webmd.com,http://webmd.com
Google.com,http://google.com
Zhihu.com,http://zhihu.com
Icicibank.com,http://icicibank.com
Themeforest.net,http://themeforest.net
Slickdeals.net,http://slickdeals.net
Google.com.bd,http://google.com.bd
Whatsapp.com,http://whatsapp.com
Tubecup.com,http://tubecup.com
Accuweather.com,http://accuweather.com
Hupu.com,http://hupu.com
Wow.com,http://wow.com
Codecanyon.net,http://codecanyon.net
Ebay.it,http://ebay.it
Mega.co.nz,http://mega.co.nz
People.com.cn,http://people.com.cn
Douban.com,http://douban.com
Mi.com,http://mi.com
Bp.blogspot.com,http://bp.blogspot.com
Amazonaws.com,http://amazonaws.com
Webtretho.com,http://webtretho.com
Doublepimp.com,http://doublepimp.com
Ink361.com,http://ink361.com
Youporn.com,http://youporn.com
Zendesk.com,http://zendesk.com
Redtube.com,http://redtube.com
Googleusercontent.com,http://googleusercontent.com
Sourceforge.net,http://sourceforge.net
Xinhuanet.com,http://xinhuanet.com
Media.tumblr.com,http://media.tumblr.com
Google.se,http://google.se
Usatoday.com,http://usatoday.com
Pinterest.com,http://pinterest.com
Olx.in,http://olx.in
Americanexpress.com,http://americanexpress.com
Wikimedia.org,http://wikimedia.org
Gome.com.cn,http://gome.com.cn
Youm7.com,http://youm7.com
Sohu.com,http://sohu.com
2ch.net,http://2ch.net
Deviantart.com,http://deviantart.com
Wikia.com,http://wikia.com
Ifeng.com,http://ifeng.com
Linkedin.com,http://linkedin.com
Fedex.com,http://fedex.com
Flirchi.com,http://flirchi.com
Baidu.com,http://baidu.com
Okcupid.com,http://okcupid.com
Rt.com,http://rt.com
Liputan6.com,http://liputan6.com
Answers.com,http://answers.com
Spotify.com,http://spotify.com
Hao123.com,http://hao123.com
Haosou.com,http://haosou.com
Telegraph.co.uk,http://telegraph.co.uk
Diply.com,http://diply.com
Slideshare.net,http://slideshare.net
Styletv.com.cn,http://styletv.com.cn
Softonic.com,http://softonic.com
Doorblog.jp,http://doorblog.jp
Theadgateway.com,http://theadgateway.com
Time.com,http://time.com
Popads.net,http://popads.net
Onet.pl,http://onet.pl
Mydomainadvisor.com,http://mydomainadvisor.com
Blogspot.com,http://blogspot.com
Gizmodo.com,http://gizmodo.com
Amazon.it,http://amazon.it
Google.com.pe,http://google.com.pe
Google.com.pk,http://google.com.pk
Google.ae,http://google.ae
Google.com.ph,http://google.com.ph
Ask.com,http://ask.com
Smzdm.com,http://smzdm.com
Bongacams.com,http://bongacams.com
Amazon.in,http://amazon.in
Google.at,http://google.at
Blog.jp,http://blog.jp
Buzzfeed.com,http://buzzfeed.com
Wellsfargo.com,http://wellsfargo.com
Meetup.com,http://meetup.com
Ebay.com,http://ebay.com
Taboola.com,http://taboola.com
List-manage.com,http://list-manage.com
Libero.it,http://libero.it
Jd.com,http://jd.com
Forbes.com,http://forbes.com
Booking.com,http://booking.com
Bitly.com,http://bitly.com
Rediff.com,http://rediff.com
Wordreference.com,http://wordreference.com
Wordpress.org,http://wordpress.org
Google.co.ve,http://google.co.ve
Usps.com,http://usps.com
Quikr.com,http://quikr.com
Blogger.com,http://blogger.com
Espn.go.com,http://espn.go.com
Blogfa.com,http://blogfa.com
Repubblica.it,http://repubblica.it
Web.de,http://web.de
Cnet.com,http://cnet.com
Intuit.com,http://intuit.com
Imdb.com,http://imdb.com
Livedoor.com,http://livedoor.com
Trklnks.com,http://trklnks.com
Tudou.com,http://tudou.com
Foxnews.com,http://foxnews.com
Wsj.com,http://wsj.com
Rbc.ru,http://rbc.ru
Office365.com,http://office365.com
Uptodown.com,http://uptodown.com
Trello.com,http://trello.com
T-online.de,http://t-online.de
Pcbaby.com.cn,http://pcbaby.com.cn
Retailmenot.com,http://retailmenot.com
Detik.com,http://detik.com
Citibank.com,http://citibank.com
Onlinesbi.com,http://onlinesbi.com
Kakaku.com,http://kakaku.com
Bet365.com,http://bet365.com
Facebook.com,http://facebook.com
Bild.de,http://bild.de
Kaskus.co.id,http://kaskus.co.id
Feedly.com,http://feedly.com
Taobao.com,http://taobao.com
Privatehomeclips.com,http://privatehomeclips.com
Buzzfil.net,http://buzzfil.net
Gmail.com,http://gmail.com
Google.com.tw,http://google.com.tw
Youradexchange.com,http://youradexchange.com
Photobucket.com,http://photobucket.com
Google.com.tr,http://google.com.tr
Nyaa.se,http://nyaa.se
Google.es,http://google.es
Csdn.net,http://csdn.net
Amazon.co.jp,http://amazon.co.jp
Qq.com,http://qq.com
Orange.fr,http://orange.fr
Ign.com,http://ign.com
Zol.com.cn,http://zol.com.cn
Outbrain.com,http://outbrain.com
Google.no,http://google.no
Google.nl,http://google.nl
Businessinsider.com,http://businessinsider.com
Gmarket.co.kr,http://gmarket.co.kr
Goal.com,http://goal.com
Xuite.net,http://xuite.net
Blogspot.in,http://blogspot.in
Liveinternet.ru,http://liveinternet.ru
Google.com.hk,http://google.com.hk
Xda-developers.com,http://xda-developers.com
Chinatimes.com,http://chinatimes.com
Huffingtonpost.com,http://huffingtonpost.com
Trackingclick.net,http://trackingclick.net
Elpais.com,http://elpais.com
Icloud.com,http://icloud.com
Steamcommunity.com,http://steamcommunity.com
Wonderlandads.com,http://wonderlandads.com
Trulia.com,http://trulia.com
Theguardian.com,http://theguardian.com
Pconline.com.cn,http://pconline.com.cn
Capitalone.com,http://capitalone.com
Gameforge.com,http://gameforge.com
About.com,http://about.com
Paytm.com,http://paytm.com
Office.com,http://office.com
Indiatimes.com,http://indiatimes.com
Marca.com,http://marca.com
Bbc.co.uk,http://bbc.co.uk
Mystart.com,http://mystart.com
Expedia.com,http://expedia.com
Skype.com,http://skype.com
Irs.gov,http://irs.gov
Google.co.jp,http://google.co.jp
Aliexpress.com,http://aliexpress.com
Stumbleupon.com,http://stumbleupon.com
Google.com.co,http://google.com.co
Vk.com,http://vk.com
Yelp.com,http://yelp.com
Verizonwireless.com,http://verizonwireless.com
Sina.com.cn,http://sina.com.cn
Live.com,http://live.com
Amazon.ca,http://amazon.ca
Amazon.cn,http://amazon.cn
Secureserver.net,http://secureserver.net
Agoda.com,http://agoda.com
Tmall.com,http://tmall.com
Bing.com,http://bing.com
Tlbb8.com,http://tlbb8.com
Ettoday.net,http://ettoday.net
Google.com.vn,http://google.com.vn
Blogimg.jp,http://blogimg.jp
Bloomberg.com,http://bloomberg.com
Surveymonkey.com,http://surveymonkey.com
Cbssports.com,http://cbssports.com
Uploaded.net,http://uploaded.net
Zippyshare.com,http://zippyshare.com
Yahoo.co.jp,http://yahoo.co.jp
Steampowered.com,http://steampowered.com
Uol.com.br,http://uol.com.br
Att.com,http://att.com
Godaddy.com,http://godaddy.com
Webssearches.com,http://webssearches.com
Teepr.com,http://teepr.com
Pandora.com,http://pandora.com
Flickr.com,http://flickr.com
Google.it,http://google.it
Ok.ru,http://ok.ru
Aol.com,http://aol.com
Techcrunch.com,http://techcrunch.com
Google.ie,http://google.ie
Google.co.uk,http://google.co.uk
Gsmarena.com,http://gsmarena.com
Naver.jp,http://naver.jp
Ebay.co.uk,http://ebay.co.uk
Stackexchange.com,http://stackexchange.com
Rakuten.co.jp,http://rakuten.co.jp
Bomb01.com,http://bomb01.com
Snapdeal.com,http://snapdeal.com
Google.ro,http://google.ro
Thefreedictionary.com,http://thefreedictionary.com
Google.co.il,http://google.co.il
Google.co.in,http://google.co.in
Infusionsoft.com,http://infusionsoft.com
Kickstarter.com,http://kickstarter.com
Google.co.id,http://google.co.id
Dailymotion.com,http://dailymotion.com
Badoo.com,http://badoo.com
China.com,http://china.com
Oracle.com,http://oracle.com
Ltn.com.tw,http://ltn.com.tw
Ijreview.com,http://ijreview.com
Reference.com,http://reference.com
Xe.com,http://xe.com
Ebay.de,http://ebay.de
Amazon.de,http://amazon.de
Ce.cn,http://ce.cn
Twimg.com,http://twimg.com
Lazada.co.id,http://lazada.co.id
Milliyet.com.tr,http://milliyet.com.tr
Mlb.com,http://mlb.com
Bilibili.com,http://bilibili.com
Popcash.net,http://popcash.net
Flipkart.com,http://flipkart.com
Iqiyi.com,http://iqiyi.com
Google.dz,http://google.dz
Vetogate.com,http://vetogate.com
360.cn,http://360.cn
Google.com.ua,http://google.com.ua
Dell.com,http://dell.com
Reuters.com,http://reuters.com
Google.de,http://google.de
Ask.fm,http://ask.fm
Mercadolivre.com.br,http://mercadolivre.com.br
Craigslist.org,http://craigslist.org
Ptt01.cc,http://ptt01.cc
Salesforce.com,http://salesforce.com
Xywy.com,http://xywy.com
Fc2.com,http://fc2.com
Bestbuy.com,http://bestbuy.com
Varzesh3.com,http://varzesh3.com
Life.com.tw,http://life.com.tw
Ebay.com.au,http://ebay.com.au
Youth.cn,http://youth.cn
Cntv.cn,http://cntv.cn
Disqus.com,http://disqus.com
Wikipedia.org,http://wikipedia.org
Sabq.org,http://sabq.org
Weather.com,http://weather.com
Adcash.com,http://adcash.com
Mobile01.com,http://mobile01.com
Abs-cbnnews.com,http://abs-cbnnews.com
Justdial.com,http://justdial.com
Etsy.com,http://etsy.com
Microsoftonline.com,http://microsoftonline.com
Fbcdn.net,http://fbcdn.net
Twitter.com,http://twitter.com
Mobile.de,http://mobile.de
Netflix.com,http://netflix.com
Google.ru,http://google.ru
Avito.ru,http://avito.ru
Googleapis.com,http://googleapis.com
Likes.com,http://likes.com
163.com,http://163.com
Shutterstock.com,http://shutterstock.com
Amazon.com,http://amazon.com
Glassdoor.com,http://glassdoor.com
Youku.com,http://youku.com
Google.ch,http://google.ch
Google.cl,http://google.cl
Google.cn,http://google.cn
Google.ca,http://google.ca
Warmportrait.com,http://warmportrait.com
Adobe.com,http://adobe.com
Chinadaily.com.cn,http://chinadaily.com.cn
Alipay.com,http://alipay.com
Gmx.net,http://gmx.net
Bbc.com,http://bbc.com
Ameblo.jp,http://ameblo.jp
Evernote.com,http://evernote.com
Blogspot.com.br,http://blogspot.com.br
Allegro.pl,http://allegro.pl
Google.cz,http://google.cz
Sabah.com.tr,http://sabah.com.tr
Weibo.com,http://weibo.com
Daum.net,http://daum.net
Bhaskar.com,http://bhaskar.com
Dmm.com,http://dmm.com
Google.co.th,http://google.co.th
Washingtonpost.com,http://washingtonpost.com
Pixnet.net,http://pixnet.net
Pornhub.com,http://pornhub.com
Speedtest.net,http://speedtest.net
Zillow.com,http://zillow.com
Github.com,http://github.com
Vimeo.com,http://vimeo.com
Staticwebdom.com,http://staticwebdom.com
Soundcloud.com,http://soundcloud.com
Files.wordpress.com,http://files.wordpress.com
Apple.com,http://apple.com
Thepiratebay.se,http://thepiratebay.se
Mailchimp.com,http://mailchimp.com
Ero-advertising.com,http://ero-advertising.com
Nytimes.com,http://nytimes.com
Ameba.jp,http://ameba.jp
Wordpress.com,http://wordpress.com
Battle.net,http://battle.net
Bycontext.com,http://bycontext.com
Leboncoin.fr,http://leboncoin.fr
Microsoft.com,http://microsoft.com
Fiverr.com,http://fiverr.com
Pclady.com.cn,http://pclady.com.cn
Ad132m.com,http://ad132m.com
China.com.cn,http://china.com.cn
Avg.com,http://avg.com
Ebay.in,http://ebay.in
Target.com,http://target.com
Hotels.com,http://hotels.com
Youtube.com,http://youtube.com
Stackoverflow.com,http://stackoverflow.com
Naukri.com,http://naukri.com
Tripadvisor.com,http://tripadvisor.com
Xvideos.com,http://xvideos.com
Bankofamerica.com,http://bankofamerica.com
Mediafire.com,http://mediafire.com
32d1d3b9c.se,http://32d1d3b9c.se
Seznam.cz,http://seznam.cz
Wp.pl,http://wp.pl
Engadget.com,http://engadget.com
T.co,http://t.co
Directrev.com,http://directrev.com
Kickass.to,http://kickass.to
Homedepot.com,http://homedepot.com
Caijing.com.cn,http://caijing.com.cn
Albawabhnews.com,http://albawabhnews.com
Coccoc.com,http://coccoc.com
Indeed.com,http://indeed.com
Free.fr,http://free.fr
Bleacherreport.com,http://bleacherreport.com
Livedoor.biz,http://livedoor.biz
Lifehacker.com,http://lifehacker.com
Yahoo.com,http://yahoo.com
Adf.ly,http://adf.ly
Kayak.com,http://kayak.com
Doubleclick.com,http://doubleclick.com
Ppomppu.co.kr,http://ppomppu.co.kr
Bitauto.com,http://bitauto.com
Wix.com,http://wix.com
Xhamster.com,http://xhamster.com
Google.gr,http://google.gr
Msn.com,http://msn.com
Vice.com,http://vice.com
Loading-delivery1.com,http://loading-delivery1.com
Dmm.co.jp,http://dmm.co.jp
Ikea.com,http://ikea.com
Livejasmin.com,http://livejasmin.com
W3schools.com,http://w3schools.com
Espncricinfo.com,http://espncricinfo.com
Exoclick.com,http://exoclick.com
Lady8844.com,http://lady8844.com
Sogou.com,http://sogou.com
Hudong.com,http://hudong.com
Twitch.tv,http://twitch.tv
Kompas.com,http://kompas.com
Macys.com,http://macys.com
Chase.com,http://chase.com
Go.com,http://go.com
Google.com.mx,http://google.com.mx
Google.com.my,http://google.com.my
Ndtv.com,http://ndtv.com
Yandex.ua,http://yandex.ua
Google.co.hu,http://google.co.hu
Soso.com,http://soso.com
Nicovideo.jp,http://nicovideo.jp
Amazon.es,http://amazon.es
Groupon.com,http://groupon.com
Cloudfront.net,http://cloudfront.net
Tube8.com,http://tube8.com
Yandex.ru,http://yandex.ru
Comcast.net,http://comcast.net
Google.com.sg,http://google.com.sg
Gamer.com.tw,http://gamer.com.tw
Google.com.sa,http://google.com.sa
Google.be,http://google.be
Scribd.com,http://scribd.com
Hdfcbank.com,http://hdfcbank.com
Jabong.com,http://jabong.com
Pixiv.net,http://pixiv.net
Mashable.com,http://mashable.com
Theladbible.com,http://theladbible.com
Gfycat.com,http://gfycat.com
Moz.com,http://moz.com
Google.co.za,http://google.co.za
Cnn.com,http://cnn.com
Imgur.com,http://imgur.com
Theverge.com,http://theverge.com
Globo.com,http://globo.com
Eastmoney.com,http://eastmoney.com
39.net,http://39.net
Mail.ru,http://mail.ru
Babytree.com,http://babytree.com
Goo.ne.jp,http://goo.ne.jp
Newegg.com,http://newegg.com
Ilividnewtab.com,http://ilividnewtab.com
Torrentz.eu,http://torrentz.eu
Rambler.ru,http://rambler.ru
Googleadservices.com,http://googleadservices.com
Tistory.com,http://tistory.com
Bestadbid.com,http://bestadbid.com
Onclickads.net,http://onclickads.net
Hootsuite.com,http://hootsuite.com
Google.com.ng,http://google.com.ng
Gap.com,http://gap.com
Wikihow.com,http://wikihow.com
Vipcpms.com,http://vipcpms.com
Addthis.com,http://addthis.com
Ups.com,http://ups.com
Reddit.com,http://reddit.com
Livejournal.com,http://livejournal.com
Amazon.fr,http://amazon.fr
Naver.com,http://naver.com
Adplxmd.com,http://adplxmd.com
6pm.com,http://6pm.com
Google.com.au,http://google.com.au
Google.com.ar,http://google.com.ar
Gmw.cn,http://gmw.cn
Tumblr.com,http://tumblr.com
Hp.com,http://hp.com
Paypal.com,http://paypal.com
Npr.org,http://npr.org
Lowes.com,http://lowes.com
Warofclicks.com,http://warofclicks.com
Nordstrom.com,http://nordstrom.com
Tianya.cn,http://tianya.cn
Nba.com,http://nba.com
Dropbox.com,http://dropbox.com
Pchome.net,http://pchome.net
Nih.gov,http://nih.gov
9gag.com,http://9gag.com
Akamaihd.net,http://akamaihd.net
Autohome.com.cn,http://autohome.com.cn
Amazon.co.uk,http://amazon.co.uk
Taleo.net,http://taleo.net
Dailymail.co.uk,http://dailymail.co.uk
Google.fr,http://google.fr
Samsung.com,http://samsung.com
Blogspot.com.es,http://blogspot.com.es
Extratorrent.cc,http://extratorrent.cc
Truemediapipe.com,http://truemediapipe.com
Walmart.com,http://walmart.com
Github.io,http://github.io
Sberbank.ru,http://sberbank.ru
Force.com,http://force.com
Spiegel.de,http://spiegel.de
Chaturbate.com,http://chaturbate.com
Eksisozluk.com,http://eksisozluk.com
Google.pt,http://google.pt
Sahibinden.com,http://sahibinden.com
Goodreads.com,http://goodreads.com
Stamplive.com,http://stamplive.com
Quora.com,http://quora.com
Google.pl,http://google.pl
